stale_price	pricing.csv|3595
stale_price	pricing.csv|5569
missing_price	security_master.csv|193
missing_price	security_master.csv|437
future_dated_price	pricing.csv|5287
future_dated_price	pricing.csv|1675
negative_price	pricing.csv|13871
negative_price	pricing.csv|9531
zero_price	pricing.csv|10695
zero_price	pricing.csv|6422
price_band_breach	pricing.csv|8146
price_band_breach	pricing.csv|5154
price_currency_mismatch	pricing.csv|8028
price_currency_mismatch	pricing.csv|8087
missing_benchmark	security_master.csv|221
missing_benchmark	security_master.csv|43
duplicate_identifier	security_master.csv|225;security_master.csv|138
duplicate_identifier	security_master.csv|372;security_master.csv|392
duplicate_identifier	security_master.csv|387;security_master.csv|457
missing_asset_class	security_master.csv|258
missing_asset_class	security_master.csv|32
missing_currency_code	security_master.csv|398
missing_currency_code	security_master.csv|142
invalid_currency_code	security_master.csv|85
invalid_currency_code	security_master.csv|395
missing_sector_for_equity	security_master.csv|61
missing_sector_for_equity	security_master.csv|7
missing_maturity_date_for_bond	security_master.csv|322
missing_maturity_date_for_bond	security_master.csv|358
coupon_rate_out_of_range_for_bond	security_master.csv|282
coupon_rate_out_of_range_for_bond	security_master.csv|271
holdings_to_nav_tie_out	funds.csv|110
holdings_to_nav_tie_out	funds.csv|54
orphan_position	positions.csv|51868
orphan_position	positions.csv|31328
negative_position_quantity	positions.csv|71402
negative_position_quantity	positions.csv|58269
duplicate_position_row	positions.csv|26691;positions.csv|72002
duplicate_position_row	positions.csv|11327;positions.csv|72003
matured_bond_still_priced	pricing.csv|10548
matured_bond_still_priced	pricing.csv|8534
fx_rate_missing_for_nonbase_currency	positions.csv|7922
fx_rate_missing_for_nonbase_currency	positions.csv|39613
position_date_mismatch	positions.csv|36609
position_date_mismatch	positions.csv|44536
